{"mean":{"confidence_interval":{"confidence_level":0.95,"lower_bound":-0.1729172836425563,"upper_bound":-0.11179498727442777},"point_estimate":-0.14385713064006778,"standard_error":0.015610015457018884},"median":{"confidence_interval":{"confidence_level":0.95,"lower_bound":-0.18206997365199007,"upper_bound":-0.1075373146117965},"point_estimate":-0.1473446065584353,"standard_error":0.02110562029629833}}