{"mean":{"confidence_interval":{"confidence_level":0.95,"lower_bound":328268518.09749997,"upper_bound":676162087.65},"point_estimate":453796862.45,"standard_error":102015007.36874229},"median":{"confidence_interval":{"confidence_level":0.95,"lower_bound":317361520.5,"upper_bound":404751854.0},"point_estimate":343968479.25,"standard_error":30449157.245193414},"median_abs_dev":{"confidence_interval":{"confidence_level":0.95,"lower_bound":7588286.18068099,"upper_bound":91739610.26459634},"point_estimate":31982260.414901376,"standard_error":36046220.18116014},"slope":null,"std_dev":{"confidence_interval":{"confidence_level":0.95,"lower_bound":17040805.803964864,"upper_bound":523440070.8361413},"point_estimate":340779198.01763344,"standard_error":176933492.50358075}}