{"mean":{"confidence_interval":{"confidence_level":0.95,"lower_bound":-0.11491986728774581,"upper_bound":0.1615850201832837},"point_estimate":-0.005540452668848839,"standard_error":0.07320545194787419},"median":{"confidence_interval":{"confidence_level":0.95,"lower_bound":-0.14354169059659372,"upper_bound":0.02287752477435845},"point_estimate":-0.08058223909311635,"standard_error":0.04225124891942282}}