{"mean":{"confidence_interval":{"confidence_level":0.95,"lower_bound":-0.5587597573499422,"upper_bound":-0.16852605926416064},"point_estimate":-0.4095159055202747,"standard_error":0.09927818495127404},"median":{"confidence_interval":{"confidence_level":0.95,"lower_bound":-0.6362932086314965,"upper_bound":-0.07119474355834976},"point_estimate":-0.17977489440621464,"standard_error":0.14691571154070948}}