{"mean":{"confidence_interval":{"confidence_level":0.95,"lower_bound":395410216.0750001,"upper_bound":747078655.91125},"point_estimate":560235856.55,"standard_error":89176167.31572185},"median":{"confidence_interval":{"confidence_level":0.95,"lower_bound":361385865.0,"upper_bound":894260979.5},"point_estimate":399756125.5,"standard_error":134120095.8793934},"median_abs_dev":{"confidence_interval":{"confidence_level":0.95,"lower_bound":14069580.936715007,"upper_bound":443964175.9007603},"point_estimate":67741305.63965142,"standard_error":117823929.082902},"slope":null,"std_dev":{"confidence_interval":{"confidence_level":0.95,"lower_bound":45792140.48390156,"upper_bound":351256659.13441926},"point_estimate":296551434.8904593,"standard_error":61281920.13362929}}