{"mean":{"confidence_interval":{"confidence_level":0.95,"lower_bound":297083247.5605556,"upper_bound":383727249.63975},"point_estimate":332407782.3380556,"standard_error":23155219.641877897},"median":{"confidence_interval":{"confidence_level":0.95,"lower_bound":290455854.125,"upper_bound":349013403.25},"point_estimate":311644908.875,"standard_error":12212070.323074058},"median_abs_dev":{"confidence_interval":{"confidence_level":0.95,"lower_bound":4126908.2066327333,"upper_bound":62174933.483184315},"point_estimate":21722204.265266284,"standard_error":17676159.30314543},"slope":{"confidence_interval":{"confidence_level":0.95,"lower_bound":290517173.92505854,"upper_bound":454053376.849567},"point_estimate":361690604.6883117,"standard_error":48647402.92004949},"std_dev":{"confidence_interval":{"confidence_level":0.95,"lower_bound":13946932.32888147,"upper_bound":114660264.83394033},"point_estimate":77253439.10950318,"standard_error":30933195.926783524}}