{"mean":{"confidence_interval":{"confidence_level":0.95,"lower_bound":215422636.0925,"upper_bound":238737761.99749997},"point_estimate":224803550.55,"standard_error":6333023.452488293},"median":{"confidence_interval":{"confidence_level":0.95,"lower_bound":214384239.75,"upper_bound":227839608.25},"point_estimate":217897849.5,"standard_error":3267980.933870525},"median_abs_dev":{"confidence_interval":{"confidence_level":0.95,"lower_bound":1562950.2205520868,"upper_bound":16149908.880981803},"point_estimate":5779710.657289624,"standard_error":4080944.0260592513},"slope":null,"std_dev":{"confidence_interval":{"confidence_level":0.95,"lower_bound":3058969.360296199,"upper_bound":31673244.26352657},"point_estimate":21162039.19332253,"standard_error":8843360.0109523}}