{"mean":{"confidence_interval":{"confidence_level":0.95,"lower_bound":-0.06620138685655758,"upper_bound":0.1953507932496149},"point_estimate":0.04624482615295178,"standard_error":0.06795829303490372},"median":{"confidence_interval":{"confidence_level":0.95,"lower_bound":-0.07885663149025635,"upper_bound":0.08350013121841848},"point_estimate":0.00806405235241936,"standard_error":0.03874541024818585}}