{"mean":{"confidence_interval":{"confidence_level":0.95,"lower_bound":2108098603.5925,"upper_bound":2196610541.75},"point_estimate":2154077393.8,"standard_error":22541782.908814404},"median":{"confidence_interval":{"confidence_level":0.95,"lower_bound":2117347843.75,"upper_bound":2200606260.5},"point_estimate":2156401552.5,"standard_error":20579745.359644406},"median_abs_dev":{"confidence_interval":{"confidence_level":0.95,"lower_bound":11399062.930776179,"upper_bound":124295807.3683083},"point_estimate":58372941.730973125,"standard_error":29124320.193938933},"slope":null,"std_dev":{"confidence_interval":{"confidence_level":0.95,"lower_bound":33293087.98219737,"upper_bound":101151678.28435308},"point_estimate":74785848.28915209,"standard_error":17579961.185113266}}