{"mean":{"confidence_interval":{"confidence_level":0.95,"lower_bound":2296505354.15,"upper_bound":2750125935.25},"point_estimate":2498802043.7,"standard_error":117246820.5182733},"median":{"confidence_interval":{"confidence_level":0.95,"lower_bound":2233488625.0,"upper_bound":2732659948.0},"point_estimate":2331178968.75,"standard_error":127001374.67063153},"median_abs_dev":{"confidence_interval":{"confidence_level":0.95,"lower_bound":28375944.208726287,"upper_bound":534649843.65036786},"point_estimate":247185337.89763302,"standard_error":139913256.924182},"slope":null,"std_dev":{"confidence_interval":{"confidence_level":0.95,"lower_bound":132195125.84473698,"upper_bound":537750442.5226368},"point_estimate":392197822.7172986,"standard_error":111528453.75890312}}