{"mean":{"confidence_interval":{"confidence_level":0.95,"lower_bound":211754571.795,"upper_bound":230021656.99375},"point_estimate":219893811.35,"standard_error":4740938.336893828},"median":{"confidence_interval":{"confidence_level":0.95,"lower_bound":208161664.0,"upper_bound":227523945.0},"point_estimate":214128325.25,"standard_error":6099959.827829501},"median_abs_dev":{"confidence_interval":{"confidence_level":0.95,"lower_bound":1762479.2663097382,"upper_bound":24737666.48296863},"point_estimate":10899134.296801686,"standard_error":5884133.117234048},"slope":null,"std_dev":{"confidence_interval":{"confidence_level":0.95,"lower_bound":6552685.2107746685,"upper_bound":22245795.73053339},"point_estimate":15828679.54589267,"standard_error":4624721.673076812}}