{"mean":{"confidence_interval":{"confidence_level":0.95,"lower_bound":-0.21869474370965059,"upper_bound":-0.05892964348167186},"point_estimate":-0.13795596604745952,"standard_error":0.041175199345169916},"median":{"confidence_interval":{"confidence_level":0.95,"lower_bound":-0.20706323461823128,"upper_bound":-0.03238320063588117},"point_estimate":-0.07497383023480053,"standard_error":0.046169929921360035}}