{"mean":{"confidence_interval":{"confidence_level":0.95,"lower_bound":323129340.595,"upper_bound":352156331.74125},"point_estimate":336462372.9,"standard_error":7472947.053452606},"median":{"confidence_interval":{"confidence_level":0.95,"lower_bound":316344042.0,"upper_bound":353929895.75},"point_estimate":328196531.25,"standard_error":8674733.515953941},"median_abs_dev":{"confidence_interval":{"confidence_level":0.95,"lower_bound":3160671.8582868576,"upper_bound":40298936.10185087},"point_estimate":19014158.9667812,"standard_error":9018855.83635728},"slope":null,"std_dev":{"confidence_interval":{"confidence_level":0.95,"lower_bound":9300345.644978292,"upper_bound":32167273.695370063},"point_estimate":24974685.229842674,"standard_error":5936193.75834889}}