{"mean":{"confidence_interval":{"confidence_level":0.95,"lower_bound":-0.1074136603205667,"upper_bound":0.07078661300880133},"point_estimate":-0.023650817438645833,"standard_error":0.045692409107509914},"median":{"confidence_interval":{"confidence_level":0.95,"lower_bound":-0.15455216673412542,"upper_bound":0.10822039332134814},"point_estimate":-0.03589647284223574,"standard_error":0.06510212601878132}}