{"mean":{"confidence_interval":{"confidence_level":0.95,"lower_bound":323479929.69625,"upper_bound":369181406.4},"point_estimate":343663447.9,"standard_error":11637400.174220446},"median":{"confidence_interval":{"confidence_level":0.95,"lower_bound":317923896.0,"upper_bound":373229968.75},"point_estimate":328097291.75,"standard_error":11630646.868707607},"median_abs_dev":{"confidence_interval":{"confidence_level":0.95,"lower_bound":1954361.4320531487,"upper_bound":53320334.05382484},"point_estimate":16693411.498832703,"standard_error":10743542.981767884},"slope":null,"std_dev":{"confidence_interval":{"confidence_level":0.95,"lower_bound":7329165.006704634,"upper_bound":48686478.08604303},"point_estimate":38851742.96414462,"standard_error":10912672.159216942}}