{"mean":{"confidence_interval":{"confidence_level":0.95,"lower_bound":-0.05135847526294839,"upper_bound":0.06887663715177844},"point_estimate":0.006074261535947256,"standard_error":0.030647999545024732},"median":{"confidence_interval":{"confidence_level":0.95,"lower_bound":-0.059669203076795796,"upper_bound":0.11096846866106858},"point_estimate":0.007622274344192936,"standard_error":0.04177298862155868}}