{"mean":{"confidence_interval":{"confidence_level":0.95,"lower_bound":-0.1245563162481396,"upper_bound":-0.04756363013863},"point_estimate":-0.08796038122933447,"standard_error":0.019606266094222124},"median":{"confidence_interval":{"confidence_level":0.95,"lower_bound":-0.1287121494024157,"upper_bound":-0.02381552422221478},"point_estimate":-0.09709896703990284,"standard_error":0.02897675624327384}}