{"mean":{"confidence_interval":{"confidence_level":0.95,"lower_bound":-0.08569438910878781,"upper_bound":-0.02339720422016737},"point_estimate":-0.05524881470786702,"standard_error":0.015763531418302376},"median":{"confidence_interval":{"confidence_level":0.95,"lower_bound":-0.08548955925376045,"upper_bound":-0.022934485055927212},"point_estimate":-0.05348362552033048,"standard_error":0.014265195833326083}}