{"mean":{"confidence_interval":{"confidence_level":0.95,"lower_bound":1971204737.16875,"upper_bound":2076784451.64},"point_estimate":2022250034.8,"standard_error":27091235.36016122},"median":{"confidence_interval":{"confidence_level":0.95,"lower_bound":1948321967.0,"upper_bound":2127920216.5},"point_estimate":1999613846.5,"standard_error":38230498.71892118},"median_abs_dev":{"confidence_interval":{"confidence_level":0.95,"lower_bound":7760906.778216362,"upper_bound":149905888.67873847},"point_estimate":84248094.49614733,"standard_error":38569692.14980703},"slope":null,"std_dev":{"confidence_interval":{"confidence_level":0.95,"lower_bound":42911181.456648126,"upper_bound":109792675.58832118},"point_estimate":90227986.31952462,"standard_error":15615867.02235035}}