{"mean":{"confidence_interval":{"confidence_level":0.95,"lower_bound":-0.49977878423410865,"upper_bound":0.06682807354523966},"point_estimate":-0.24269320408123063,"standard_error":0.1677859496697591},"median":{"confidence_interval":{"confidence_level":0.95,"lower_bound":-0.18422908138179894,"upper_bound":0.05247361416966978},"point_estimate":-0.04614140090570518,"standard_error":0.05353409219230444}}