{"mean":{"confidence_interval":{"confidence_level":0.95,"lower_bound":318996893.65,"upper_bound":363687938.61625},"point_estimate":340094041.6,"standard_error":11505750.538608959},"median":{"confidence_interval":{"confidence_level":0.95,"lower_bound":311182281.25,"upper_bound":367511187.25},"point_estimate":326397218.75,"standard_error":17452418.80042028},"median_abs_dev":{"confidence_interval":{"confidence_level":0.95,"lower_bound":3514101.8236622214,"upper_bound":64154046.77353799},"point_estimate":31573000.923617184,"standard_error":16283782.221446238},"slope":null,"std_dev":{"confidence_interval":{"confidence_level":0.95,"lower_bound":19224055.390832443,"upper_bound":48447161.39396816},"point_estimate":38324171.80483322,"standard_error":7655590.405873701}}