{"mean":{"confidence_interval":{"confidence_level":0.95,"lower_bound":316931731.3,"upper_bound":347676728.255},"point_estimate":331082052.15,"standard_error":7901235.6495477725},"median":{"confidence_interval":{"confidence_level":0.95,"lower_bound":316864312.5,"upper_bound":350792437.5},"point_estimate":325537885.5,"standard_error":6803754.807414965},"median_abs_dev":{"confidence_interval":{"confidence_level":0.95,"lower_bound":2191174.531298876,"upper_bound":42067770.53294778},"point_estimate":9589410.298503935,"standard_error":9792914.029348066},"slope":null,"std_dev":{"confidence_interval":{"confidence_level":0.95,"lower_bound":7029387.830035455,"upper_bound":33876921.087325364},"point_estimate":26253906.992009807,"standard_error":6582155.441595777}}