{"mean":{"confidence_interval":{"confidence_level":0.95,"lower_bound":-0.1856275230827998,"upper_bound":-0.10470600871457998},"point_estimate":-0.1449174971048921,"standard_error":0.020726606859746154},"median":{"confidence_interval":{"confidence_level":0.95,"lower_bound":-0.18257688457152899,"upper_bound":-0.09417085040698325},"point_estimate":-0.14249242986570942,"standard_error":0.023572097495655513}}