{"mean":{"confidence_interval":{"confidence_level":0.95,"lower_bound":273717866.1295932,"upper_bound":290512381.6216666},"point_estimate":282274720.3895238,"standard_error":4288673.426281265},"median":{"confidence_interval":{"confidence_level":0.95,"lower_bound":271192237.2777778,"upper_bound":291983534.5833333},"point_estimate":283253076.525,"standard_error":4669050.973726132},"median_abs_dev":{"confidence_interval":{"confidence_level":0.95,"lower_bound":2274537.6066438854,"upper_bound":24900017.4605446},"point_estimate":11295066.44099749,"standard_error":5925927.338462406},"slope":{"confidence_interval":{"confidence_level":0.95,"lower_bound":276499713.1581921,"upper_bound":285790762.5909831},"point_estimate":281871424.4017316,"standard_error":2350877.3837294276},"std_dev":{"confidence_interval":{"confidence_level":0.95,"lower_bound":7408096.752233772,"upper_bound":18456373.611175362},"point_estimate":14279839.893209498,"standard_error":2839459.302725104}}