{"mean":{"confidence_interval":{"confidence_level":0.95,"lower_bound":2182590247.8,"upper_bound":2973004811.9525},"point_estimate":2459471741.55,"standard_error":238699126.27957436},"median":{"confidence_interval":{"confidence_level":0.95,"lower_bound":2177567041.5,"upper_bound":2276362562.5},"point_estimate":2225073812.25,"standard_error":62244744.10791292},"median_abs_dev":{"confidence_interval":{"confidence_level":0.95,"lower_bound":7208277.274927497,"upper_bound":139312939.44590092},"point_estimate":73237118.41708124,"standard_error":76679463.16478468},"slope":null,"std_dev":{"confidence_interval":{"confidence_level":0.95,"lower_bound":35629460.58923969,"upper_bound":1218681979.0803535},"point_estimate":793691061.7307379,"standard_error":431838157.68224484}}