{"mean":{"confidence_interval":{"confidence_level":0.95,"lower_bound":325576531.125,"upper_bound":352418981.25},"point_estimate":338506133.35,"standard_error":6901863.033494504},"median":{"confidence_interval":{"confidence_level":0.95,"lower_bound":319364125.0,"upper_bound":360354125.5},"point_estimate":330698135.25,"standard_error":10400625.493264873},"median_abs_dev":{"confidence_interval":{"confidence_level":0.95,"lower_bound":3060410.293766856,"upper_bound":38585189.15537596},"point_estimate":19821311.226001382,"standard_error":8998925.146216078},"slope":null,"std_dev":{"confidence_interval":{"confidence_level":0.95,"lower_bound":12306950.317978721,"upper_bound":27685657.06595329},"point_estimate":23077535.39768734,"standard_error":3779000.619260564}}