{"mean":{"confidence_interval":{"confidence_level":0.95,"lower_bound":328044131.2,"upper_bound":348698460.4},"point_estimate":337332116.65,"standard_error":5304874.290502289},"median":{"confidence_interval":{"confidence_level":0.95,"lower_bound":327587187.5,"upper_bound":342931062.75},"point_estimate":334526250.0,"standard_error":4264621.837148231},"median_abs_dev":{"confidence_interval":{"confidence_level":0.95,"lower_bound":3357146.748098731,"upper_bound":24201652.848234773},"point_estimate":11125939.47557509,"standard_error":5022185.782940804},"slope":null,"std_dev":{"confidence_interval":{"confidence_level":0.95,"lower_bound":6128662.807650634,"upper_bound":25092202.182611372},"point_estimate":17632008.891768932,"standard_error":5434153.749415916}}