{"mean":{"confidence_interval":{"confidence_level":0.95,"lower_bound":328192927.30125,"upper_bound":370323572.75},"point_estimate":348332387.3,"standard_error":10778868.508067043},"median":{"confidence_interval":{"confidence_level":0.95,"lower_bound":319930166.5,"upper_bound":386064291.5},"point_estimate":338549968.5,"standard_error":15129243.965486681},"median_abs_dev":{"confidence_interval":{"confidence_level":0.95,"lower_bound":8065127.397215366,"upper_bound":58443628.391218185},"point_estimate":32446530.295608938,"standard_error":14241213.234119471},"slope":null,"std_dev":{"confidence_interval":{"confidence_level":0.95,"lower_bound":17292670.149239656,"upper_bound":44127016.14972663},"point_estimate":35965448.928244196,"standard_error":6434352.584777574}}