{"mean":{"confidence_interval":{"confidence_level":0.95,"lower_bound":316161210.55,"upper_bound":346176294.72999996},"point_estimate":330810362.45,"standard_error":7676156.477973887},"median":{"confidence_interval":{"confidence_level":0.95,"lower_bound":311554250.0,"upper_bound":352024468.5},"point_estimate":327890010.25,"standard_error":8918084.020694688},"median_abs_dev":{"confidence_interval":{"confidence_level":0.95,"lower_bound":5026400.1280635595,"upper_bound":43340736.05944812},"point_estimate":21213951.85172707,"standard_error":10308501.319564717},"slope":null,"std_dev":{"confidence_interval":{"confidence_level":0.95,"lower_bound":13356628.089669192,"upper_bound":32775332.08411441},"point_estimate":25600909.716702566,"standard_error":4993650.376008247}}