{"mean":{"confidence_interval":{"confidence_level":0.95,"lower_bound":315781750.16125005,"upper_bound":327018025.1},"point_estimate":321323887.5,"standard_error":2883832.141691963},"median":{"confidence_interval":{"confidence_level":0.95,"lower_bound":312955958.0,"upper_bound":331495687.5},"point_estimate":319821521.0,"standard_error":4818540.907665578},"median_abs_dev":{"confidence_interval":{"confidence_level":0.95,"lower_bound":2362306.9691106677,"upper_bound":16092140.484957397},"point_estimate":12373517.701426148,"standard_error":3606847.366129752},"slope":null,"std_dev":{"confidence_interval":{"confidence_level":0.95,"lower_bound":5988277.327764783,"upper_bound":11289196.832271004},"point_estimate":9597629.032625984,"standard_error":1343152.110752054}}