{"mean":{"confidence_interval":{"confidence_level":0.95,"lower_bound":4045945857.5,"upper_bound":5155812530.867499},"point_estimate":4612622658.3,"standard_error":285694945.67826533},"median":{"confidence_interval":{"confidence_level":0.95,"lower_bound":3619739884.0,"upper_bound":5448828365.0},"point_estimate":4734886053.5,"standard_error":470217055.5306407},"median_abs_dev":{"confidence_interval":{"confidence_level":0.95,"lower_bound":172635939.4798994,"upper_bound":1595324220.2037334},"point_estimate":1116952917.5011218,"standard_error":380275825.8237716},"slope":null,"std_dev":{"confidence_interval":{"confidence_level":0.95,"lower_bound":551015416.285297,"upper_bound":1122578143.8486757},"point_estimate":948351104.2989223,"standard_error":140368062.75833207}}